{
    "keep": {
        "days": false,
        "amount": 30
    },
    "auditLog": "C:\\Projects\\we-build\\server\\logs\\error\\.95f4f7532da7cc296f9c6a181f05a6eb9899d34d-audit.json",
    "files": [
        {
            "date": 1667912355549,
            "name": "C:\\Projects\\we-build\\server\\logs\\error\\2022-11-08.log",
            "hash": "522de7ca0b23ca2aefdc553041b0517832354ced98ac626b7a43f07c5792c289"
        },
        {
            "date": 1668082406996,
            "name": "C:\\Projects\\we-build\\server\\logs\\error\\2022-11-10.log",
            "hash": "53f7e979b0702e4d37c48420028e0ab1ee5dd2e66255d2d3df5aa08f403d065a"
        },
        {
            "date": 1668151794870,
            "name": "C:\\Projects\\we-build\\server\\logs\\error\\2022-11-11.log",
            "hash": "8f476ceeb1d77361293f16524708750570a0c11347b68105c76fb4b90c0405cf"
        },
        {
            "date": 1668404245910,
            "name": "C:\\Projects\\we-build\\server\\logs\\error\\2022-11-14.log",
            "hash": "d8af91f21c52d35ea5b1c08f3014e50ad1771c594ba2f222025f997987efbf92"
        },
        {
            "date": 1668492917571,
            "name": "C:\\Projects\\we-build\\server\\logs\\error\\2022-11-15.log",
            "hash": "6e9dbb47abbdbcf4d4c8d8ed69f18ade1f6b8353ba7c2e6196691667d3d8a0b2"
        },
        {
            "date": 1668576336013,
            "name": "C:\\Projects\\we-build\\server\\logs\\error\\2022-11-16.log",
            "hash": "92edae24ae56d7a7867e0fa14638b66b4510613851c46cda409a342574469b15"
        },
        {
            "date": 1668668183060,
            "name": "C:\\Projects\\we-build\\server\\logs\\error\\2022-11-17.log",
            "hash": "2900546a2263836769ce9a607c7bda08b7bd36c647e6de36d019434e78802ddf"
        },
        {
            "date": 1668747883601,
            "name": "C:\\Projects\\we-build\\server\\logs\\error\\2022-11-18.log",
            "hash": "497edcd444235a4bc8b388b2a892280a8dd96a130d731ff27f7b7890f1c2a234"
        },
        {
            "date": 1669007449088,
            "name": "C:\\Projects\\we-build\\server\\logs\\error\\2022-11-21.log",
            "hash": "0c9ead74ec3428eb4f1658cfb3c1ee67da6530a7b79152b072b8e0ba02cbb412"
        },
        {
            "date": 1669094992730,
            "name": "C:\\Projects\\we-build\\server\\logs\\error\\2022-11-22.log",
            "hash": "019e321ff5ab7e85cded454c2dd62dac7e8d6ca8669b588b5e08d5cf454f7311"
        },
        {
            "date": 1669179600137,
            "name": "C:\\Projects\\we-build\\server\\logs\\error\\2022-11-23.log",
            "hash": "586849bc77c6b19c514237b4eb5674438e38d2907d7765e8a141dbed6eaaea42"
        },
        {
            "date": 1669268453152,
            "name": "C:\\Projects\\we-build\\server\\logs\\error\\2022-11-24.log",
            "hash": "4aab53b0d4b0d9bc0f37b2f220755b8eb22e2159d94e783ee77420a8be65acc0"
        },
        {
            "date": 1669352877330,
            "name": "C:\\Projects\\we-build\\server\\logs\\error\\2022-11-25.log",
            "hash": "62d1d0333c43236d1c24baa1822b08da07a0a716f293d8797e1ec1df81da6ddc"
        },
        {
            "date": 1669537204316,
            "name": "C:\\Projects\\we-build\\server\\logs\\error\\2022-11-27.log",
            "hash": "0d17196e3e2476e072e105bbf561f261d8c2a6c506bd9abb0f684ae9c8e8dbcc"
        },
        {
            "date": 1669612009563,
            "name": "C:\\Projects\\we-build\\server\\logs\\error\\2022-11-28.log",
            "hash": "0472bf881c147b0f1e2f76d7f4c24b625df22893099ed71cbe7de239dda0be7b"
        },
        {
            "date": 1669699460867,
            "name": "C:\\Projects\\we-build\\server\\logs\\error\\2022-11-29.log",
            "hash": "448cc5619cf079738dfa1ae1f4300343cadbd4d9ebe83e5145ef5f129cb41cfb"
        },
        {
            "date": 1669785562536,
            "name": "C:\\Projects\\we-build\\server\\logs\\error\\2022-11-30.log",
            "hash": "cb7c5db5e62c5fb257679d2a5222d13bf401fec35d2feb86bd2c7efcda373b84"
        },
        {
            "date": 1669887047387,
            "name": "C:\\Projects\\we-build\\server\\logs\\error\\2022-12-01.log",
            "hash": "15f0dd469cc88443c9073bef9ce658cb9f7e36431197c0a83136e732836b2c32"
        },
        {
            "date": 1669959881809,
            "name": "C:\\Projects\\we-build\\server\\logs\\error\\2022-12-02.log",
            "hash": "6cad5629358b0ad23dcc3249346f7c91954ab17ee07bfca41a24b701e6637aca"
        },
        {
            "date": 1670219938669,
            "name": "C:\\Projects\\we-build\\server\\logs\\error\\2022-12-05.log",
            "hash": "9c2e8aa2fe8cacdaee083b02a247e0deb1fe413aa22caf141fc9fec64f5f04ab"
        },
        {
            "date": 1670306443836,
            "name": "C:\\Projects\\we-build\\server\\logs\\error\\2022-12-06.log",
            "hash": "71b4f7f4ba302b6420da636d42b83160e1ff3a1d099aa58a28bbfa3667128f30"
        },
        {
            "date": 1670824983038,
            "name": "C:\\Projects\\we-build\\server\\logs\\error\\2022-12-12.log",
            "hash": "1d29c285548d016eaf6adfb20b45c20adebb5ec35297eeecfc5ef314940c9e8b"
        },
        {
            "date": 1671023570885,
            "name": "C:\\Projects\\we-build\\server\\logs\\error\\2022-12-14.log",
            "hash": "a0a0b8210c6ff01d9be4ced050476bac67e7ed68754d83501ff0197f90451195"
        },
        {
            "date": 1671082595852,
            "name": "C:\\Projects\\we-build\\server\\logs\\error\\2022-12-15.log",
            "hash": "26e6a8c85b3e341180c83a6c82c0825ed284f4031a3fd8411b853001d343a8f8"
        },
        {
            "date": 1671166655978,
            "name": "C:\\Projects\\we-build\\server\\logs\\error\\2022-12-16.log",
            "hash": "fc19772705310db1b5bc3a8fae473358d44a1dea3c53dc6afb5e8c8ef7cf30a3"
        },
        {
            "date": 1671266208673,
            "name": "C:\\Projects\\we-build\\server\\logs\\error\\2022-12-17.log",
            "hash": "85b455520ad2e786ac58c9175f018ad70bb5ccfcb840e89a71dfe7b0195fe6ad"
        },
        {
            "date": 1671324738847,
            "name": "C:\\Projects\\we-build\\server\\logs\\error\\2022-12-18.log",
            "hash": "c44a8031c9048804c37e4c23709b7bbaab54fb46a828a4db140f527dab9f2c4a"
        },
        {
            "date": 1671427337855,
            "name": "C:\\Projects\\we-build\\server\\logs\\error\\2022-12-19.log",
            "hash": "cfaae60358b95227a38d46d2cc47f03b6a578dc1a8f0307ee7c6588cc426a097"
        },
        {
            "date": 1671513087686,
            "name": "C:\\Projects\\we-build\\server\\logs\\error\\2022-12-20.log",
            "hash": "193ca967e20572090a556d165a620fdf313b77a2c4ff6d9a1fcdff386cccd8e7"
        },
        {
            "date": 1671599968546,
            "name": "C:\\Projects\\we-build\\server\\logs\\error\\2022-12-21.log",
            "hash": "b3007f395c39034e5d5a04fb68ddc886b683275131938985a7b1f4bc89babaf9"
        }
    ],
    "hashType": "sha256"
}