{
    "keep": {
        "days": false,
        "amount": 30
    },
    "auditLog": "C:\\Projects\\we-build\\server\\logs\\debug\\.92e217fdd43be7680cc21709ac0b241c144507a5-audit.json",
    "files": [
        {
            "date": 1667912355544,
            "name": "C:\\Projects\\we-build\\server\\logs\\debug\\2022-11-08.log",
            "hash": "2647c1ce1003629029c7cd10c0ca8fa0eee20b7a122a29d596ad1d19f14f3d22"
        },
        {
            "date": 1668082406978,
            "name": "C:\\Projects\\we-build\\server\\logs\\debug\\2022-11-10.log",
            "hash": "888d2c70e8bf0554213bc7d8792a73c4ee8143df78fe3161c401cd0c516a15ce"
        },
        {
            "date": 1668151794862,
            "name": "C:\\Projects\\we-build\\server\\logs\\debug\\2022-11-11.log",
            "hash": "1f8a65dfc789783035f80b30d5e4975320b0d20e2ecfc62b06f278199b2a859e"
        },
        {
            "date": 1668404245900,
            "name": "C:\\Projects\\we-build\\server\\logs\\debug\\2022-11-14.log",
            "hash": "1defea5c297075c8421199c883cd0e72774eb452a2d9461f6f1a07d188471b77"
        },
        {
            "date": 1668492917562,
            "name": "C:\\Projects\\we-build\\server\\logs\\debug\\2022-11-15.log",
            "hash": "a7653a7ab686b0767de71241f63dd6dedb560e85d2918090d589e6c347713bf3"
        },
        {
            "date": 1668576335996,
            "name": "C:\\Projects\\we-build\\server\\logs\\debug\\2022-11-16.log",
            "hash": "1b1415ecc582a93c47db5e06d34e1d09eeeb4275bdcb82f7686b6a7a8992d26f"
        },
        {
            "date": 1668668183052,
            "name": "C:\\Projects\\we-build\\server\\logs\\debug\\2022-11-17.log",
            "hash": "65ebc7b5ce0e00870e313b6c56bc80a509635aea90da942539416a73c7cd01d3"
        },
        {
            "date": 1668747883584,
            "name": "C:\\Projects\\we-build\\server\\logs\\debug\\2022-11-18.log",
            "hash": "5415f5d892877132afd8c2c4aa556c328c9aa9e5f14c68e7f9de8339dee13e2c"
        },
        {
            "date": 1669007449078,
            "name": "C:\\Projects\\we-build\\server\\logs\\debug\\2022-11-21.log",
            "hash": "62cfbd68a5cccdbe65c3d9056ba34aba6ac8fcc335a228963a67a3163e71f092"
        },
        {
            "date": 1669094992722,
            "name": "C:\\Projects\\we-build\\server\\logs\\debug\\2022-11-22.log",
            "hash": "ed13a76d6cce7e1d0cbd0d88b1e328ff45a6754f910e1de2418df610501b667f"
        },
        {
            "date": 1669179600127,
            "name": "C:\\Projects\\we-build\\server\\logs\\debug\\2022-11-23.log",
            "hash": "70ddb0a9c7d2145d1e106d80446f9e707753fcda1139bc253628fd0a9a5262b1"
        },
        {
            "date": 1669268453138,
            "name": "C:\\Projects\\we-build\\server\\logs\\debug\\2022-11-24.log",
            "hash": "0b8fd732a0cc4f572005cbffc9c14902fddabe12a0bbd218e1fc28c8e2606298"
        },
        {
            "date": 1669352877317,
            "name": "C:\\Projects\\we-build\\server\\logs\\debug\\2022-11-25.log",
            "hash": "822befe266985b70a310a459d1576f367e2124614c9353fe9f0ada45ff20b0d4"
        },
        {
            "date": 1669537204312,
            "name": "C:\\Projects\\we-build\\server\\logs\\debug\\2022-11-27.log",
            "hash": "3a368e3420870364b05591d720ff04504876fe2a8e11c2993270e89f9929af74"
        },
        {
            "date": 1669612009551,
            "name": "C:\\Projects\\we-build\\server\\logs\\debug\\2022-11-28.log",
            "hash": "ac5d67b9f29924604f2afa60d088a01c2381117fc3c80fcb8cac248e0a651d8e"
        },
        {
            "date": 1669699460859,
            "name": "C:\\Projects\\we-build\\server\\logs\\debug\\2022-11-29.log",
            "hash": "f5306fb2f7a798510a46453d55623580918d15c9e05e337b6bf4f519dc9dfde4"
        },
        {
            "date": 1669785562525,
            "name": "C:\\Projects\\we-build\\server\\logs\\debug\\2022-11-30.log",
            "hash": "610dc95b0abcd4441340e586ee7b0ef486e1f4e15bb37acef6f239e6cb43e56c"
        },
        {
            "date": 1669887047375,
            "name": "C:\\Projects\\we-build\\server\\logs\\debug\\2022-12-01.log",
            "hash": "e7c554de3ccdea3838af1add65f5c84960fb74dc47d80e8df7514c41f56ff8a2"
        },
        {
            "date": 1669959881796,
            "name": "C:\\Projects\\we-build\\server\\logs\\debug\\2022-12-02.log",
            "hash": "4148904662d7214890769320a0d2233023d278d2861e4be8204209666390f3a8"
        },
        {
            "date": 1670219938652,
            "name": "C:\\Projects\\we-build\\server\\logs\\debug\\2022-12-05.log",
            "hash": "464408430e6ca029c126c616d7b97314b4dd9688562194ea41e60368ed2774ad"
        },
        {
            "date": 1670306443822,
            "name": "C:\\Projects\\we-build\\server\\logs\\debug\\2022-12-06.log",
            "hash": "42263e0b08ef27470617ce011a1c3dac187b11785844aec47a2946960f1fae8f"
        },
        {
            "date": 1670824983030,
            "name": "C:\\Projects\\we-build\\server\\logs\\debug\\2022-12-12.log",
            "hash": "1ca562e757a8b962244995d1508ca231ede9f4fa39c5805a2071ec2024586e7c"
        },
        {
            "date": 1671023570867,
            "name": "C:\\Projects\\we-build\\server\\logs\\debug\\2022-12-14.log",
            "hash": "cbcc55f2b353c82ac39e6ee994592cc7d7008c8e7628760d13d7ff742935e311"
        },
        {
            "date": 1671082595841,
            "name": "C:\\Projects\\we-build\\server\\logs\\debug\\2022-12-15.log",
            "hash": "04c2d9b5b28f747eda1d5d39f577466b6c49a9213bdae1d72ba3a01b7a34d790"
        },
        {
            "date": 1671166655970,
            "name": "C:\\Projects\\we-build\\server\\logs\\debug\\2022-12-16.log",
            "hash": "86e03d9cbcbf69d85d478ab8bea38f30f06e0b2624a95cb5c85a52d5aea5ac7f"
        },
        {
            "date": 1671266208656,
            "name": "C:\\Projects\\we-build\\server\\logs\\debug\\2022-12-17.log",
            "hash": "0faa590329f99523a82f27e2f48359c569b9ecbcd261eeb1d60cf228c781a1e9"
        },
        {
            "date": 1671324738842,
            "name": "C:\\Projects\\we-build\\server\\logs\\debug\\2022-12-18.log",
            "hash": "c49317f8a4b93f760c824114c837b2a25b5b5ac90855fa5fc1bed35166d15861"
        },
        {
            "date": 1671427337834,
            "name": "C:\\Projects\\we-build\\server\\logs\\debug\\2022-12-19.log",
            "hash": "45330da5e178e638e4762a97bbb0b2e695fb2e6751a87129db12617755fa2f5b"
        },
        {
            "date": 1671513087677,
            "name": "C:\\Projects\\we-build\\server\\logs\\debug\\2022-12-20.log",
            "hash": "8234b93190fcc42a38b78bf35dd06f9cf560fa919286a63de870bae284ce6e4b"
        },
        {
            "date": 1671599968536,
            "name": "C:\\Projects\\we-build\\server\\logs\\debug\\2022-12-21.log",
            "hash": "8db4a2699f6d10407faa108c9559ecebf68c0e2bb97c5572fe950ae6f83fe9ea"
        }
    ],
    "hashType": "sha256"
}